Matched Subreddit,Ideology,Search Term
humanism,center_or_other,socialhumanism
atheistconservative,right,conservative
paleoconservative,right,conservative
conservatives_r_us,right,conservative
isrconservativeracist,right,conservative
conservativemeta,right,conservative
ukconservative,right,conservative
conservativesuk,right,conservative
fiscal_conservative,right,conservative
conservativechristian,right,conservative
bestofconservative,right,conservative
trueconservative,right,conservative
shitrconservativesays,right,conservative
conservativeminds,right,conservative
actualconservative,right,conservative
cdnconservative,right,conservative
conservativesonly,right,conservative
conservativediscourse,right,conservative
cdnconservativeparty,right,conservative
conservativelounge,right,conservative
neoconservative,right,conservative
exmo_conservative,right,conservative
rconservativenews,right,conservative
askaconservative,right,conservative
shitconservativesays,right,conservative
liberalism,center_or_other,progressiveliberalism
liberal,center_or_other,classical_liberalism
class,center_or_other,classical_liberalism
classical_liberal,center_or_other,classical_liberalism
anarcho_syndicalism,left,anarcho_syndicalism
progressive,center_or_other,progressiveliberalism
conservatives,right,conservative
environment,left,environmentalism
environmentalism,left,environmentalism
enviro,left,environmentalism
communism,left,council_communism
communism_,left,council_communism
democrat,left,democraticconfederalism
metaconservative,right,conservative
conservative,right,conservative
conservativeladies,right,conservative
shittyconservative,right,conservative
debatealtright,right,altright
nationalism,right,christian_nationalism
talkprogressivetome,left,progressive
conservatism,right,fiscal_conservatism
monarchism,right,neo_monarchism
monarch,right,neo_monarchism
centrism,center_or_other,radical_centrism
christian,right,christian_nationalism
chris,right,christian_nationalism
progressiveleft,left,progressive
authoritarian,right,authoritarianism
author,right,authoritarianism
right,right,right_wing_populism
socialism,right,antisocialism
capitalism,left,anticapitalism
capit,left,anticapitalism
altright,right,altright
altrightwatch,right,altright
progressivememes,left,progressive
progressivenetwork,left,progressive
omniconservative,right,conservative
trueprogressive,left,progressive
eaglesareconservative,right,conservative
modernconservative,right,conservative
myconservativesaid,right,conservative
conservativelgbt,right,conservative
fiscalconservatives,right,conservative
conservativecomedy,right,conservative
progressive_islam,left,progressive
musgprogressive,left,progressive
progressiveactivism,left,progressive
theprogressiveparty,left,progressive
theprogressive,left,progressive
progressivegrowth,left,progressive
progressivegamers,left,progressive
progressivesforoffice,left,progressive
aprogressiveparty,left,progressive
progressives,left,progressive
progressivehouse,left,progressive
shitprogressivessay,left,progressive
ausprogressive,left,progressive
inoch,right,pinochetism
titoism,left,titoism
athism,left,baathism
feminism,left,eco_feminism
antifa,left,antifascism
evolution,left,revolutionary_socialism
revolution,left,revolutionary_socialism
anarchocommunism,left,anarchocommunism
debateacommunist,left,communist
communistkitten,left,communist
postmarxism,left,marxism
pinochet,right,pinochetism
catholicmonarchism,right,monarchism
trump,right,trumpism
trumpism,right,trumpism
positive_conservatism,right,conservatism
neoconservatism,right,conservatism
secularism,center_or_other,secularism
karl_marxism,left,marxism
whitenationalism,right,whitenationalism
human,center_or_other,socialhumanism
marxism_101,left,marxism
culturalmarxism,left,marxism
bestofmarxismleninism,left,marxism
kulturmarxism,left,marxism
marxismtoday,left,marxism
academicmarxism,left,marxism
unexpectedmarxism,left,marxism
communist,left,communist
britishcommunists,left,communist
communistmusic,left,communist
antiimperialism,left,antiimperialism
unexpectedcommunism,left,communism
ani_communism,left,communism
anarcho_communism,left,communism
trollxcommunism,left,communism
space_communism,left,communism
communismonly,left,communism
communism_rebooted,left,communism
fulldogcommunism,left,communism
imperial,left,antiimperialism
peria,left,antiimperialism
communistreadings,left,communist
democracy,left,social_democracy
neoliberal,center_or_other,neoliberalism
trade,left,trade_unionism
union,left,trade_unionism
fullbirdcommunism,left,communism
shittyleftcommunism,left,communism
spacecommunism,left,communism
rightcommunism,left,communism
communists,left,communist
spacecommunistparty,left,communist
chickencommunists,left,communist
shitcommunistssay,left,communist
fullmetalcommunist,left,communist
totallynyetcommunists,left,communist
accidentallycommunist,left,communist
communism101,left,communism
shittydebatecommunism,left,communism
debatecommunism,left,communism
fullcommunism,left,communism
leftcommunism,left,communism
communismworldwide,left,communism
technocommunism,left,communism
virtualcommunism,left,communism
communismanarchy,left,communism
fuckthealtright,right,altright
truealtright,right,altright
minarchism,right,minarchism
mhocliberalpress,center_or_other,liberal
shitliberalssay,center_or_other,liberal
classicalliberalparty,center_or_other,liberal
classicalliberal,center_or_other,liberal
cornbreadliberals,center_or_other,liberal
liberalismosocial,center_or_other,liberal
liberal_atheism,center_or_other,liberal
socialliberalism,center_or_other,liberal
liberalgunowners,center_or_other,liberal
asaliberal,center_or_other,liberal
askaliberal,center_or_other,liberal
usmodelliberals,center_or_other,liberal
liberaldegeneracy,center_or_other,liberal
imawhinyliberalbitch,center_or_other,liberal
liberalreality,center_or_other,liberal
neoliberalconspiracy,center_or_other,liberal
liberalfeminism,left,feminism
libertarianfeminism,left,feminism
foolishfeminism,left,feminism
ecofeminism,left,ecofeminism
centrist,center_or_other,centrist
modelcentrist,center_or_other,centrist
socialdemocracy,left,socialdemocracy
green,left,green_socialism
cultura,right,cultural_conservatism
rightwing,right,rightwingpopulism
plural,center_or_other,pluralism
liberalarts,center_or_other,liberal
enoughneoliberalspam,center_or_other,liberal
altrightaus,right,altright
marxism,left,marxism_leninism
libertarian,left,libertarian_socialism
liberta,left,libertarian_socialism
labor,left,labor_movement
collectivism,left,collectivism
youmightbealiberal,center_or_other,liberal
liberalstupidity,center_or_other,liberal
liberalsocialjustice,center_or_other,liberal
liberalmuslim,center_or_other,liberal
liberalviolence,center_or_other,liberal
liberalpolitics,center_or_other,liberal
recoveringliberals,center_or_other,liberal
liberal_logic_101,center_or_other,liberal
sore_liberal_loosers,center_or_other,liberal
liberalregressives,center_or_other,liberal
liberalbias,center_or_other,liberal
norussiansorliberals,center_or_other,liberal
franceliberale,center_or_other,liberal
liberals,center_or_other,liberal
patriotism,right,patriotism
newpatriotism,right,patriotism
debatenazism,right,nazism
indianfeminism,left,feminism
socialismandfeminism,left,feminism
lazyfeminismjokes,left,feminism
srdmodanarchists,left,anarchist
thirdworldanarchists,left,anarchist
sfnorthbayanarchists,left,anarchist
enoughedgyanarchists,left,anarchist
everydayanarchist,left,anarchist
anarchistpodcasts,left,anarchist
saltyanarchistmod,left,anarchist
taoistanarchists,left,anarchist
integra,right,integralism
anarchist_review,left,anarchist
antiglobalism,center_or_other,globalism
redpillglobalism,center_or_other,globalism
technocracy,center_or_other,technocracy
omnitopiatechnocracy,center_or_other,technocracy
techno,center_or_other,technocracy
traditionalism,right,orthodox_traditionalism
anarchist_strategy,left,anarchist
srsanarchists,left,anarchist
thirdwavefeminism,left,feminism
altrightcanada,right,altright
altrightseattle,right,altright
altright_online,right,altright
thealtright,right,altright
utopia,left,utopiansocialism
anarchist,left,anarchist
secondworldanarchists,left,anarchist
firstworldanarchists,left,anarchist
anarchistnews,left,anarchist
the_banarchists,left,anarchist
shitanarchistssay,left,anarchist
anarchists,left,anarchist
trvekvltanarchists,left,anarchist
anarchistpropaganda,left,anarchist
anarchistpics,left,anarchist
anarchafeminism,left,feminism
askfeminism,left,feminism
menrightssansfeminism,left,feminism
debatefeminism,left,feminism
meta_meta_feminism,left,feminism
cyberfeminism,left,feminism
socialistsvsfeminism,left,feminism
asianfeminism,left,feminism
sexcriticalfeminism,left,feminism
anti_feminism,left,feminism
radicalfeminism,left,feminism
europeannationalism,right,nationalism
secondwavefeminism,left,feminism
adicalfeminismreborn,left,feminism
fourthwavefeminismism,left,feminism
mrbukowskifeminism,left,feminism
redpillfeminism,left,feminism
bizarrofeminism,left,feminism
ineedfeminismbecause,left,feminism
bestoffeminism,left,feminism
feminismisbad,left,feminism
realrationalfeminism,left,feminism
gamingfeminism,left,feminism
femmethoughtsfeminism,left,feminism
irishnationalism,right,nationalism
europeanationalism,right,nationalism
leftnationalism,right,nationalism
anarchocapitalism,right,anarchocapitalism
trueanarchocapitalism,right,anarchocapitalism
economics,right,supplysideeconomics
zionism,right,zionism
jewishantizionism,right,zionism
zionismwatch,right,zionism
zionismexposed,right,zionism
meta_feminism,left,feminism
metafeminism,left,feminism
feminisms,left,feminism
againstfeminism,left,feminism
srsfeminism,left,feminism
feminismformen,left,feminism
enougsocialistspam,left,socialist
canadian_socialism,left,socialism
socialistprogrammers,left,socialist
demsocialist,left,socialist
socialists,left,socialist
socialisthumour,left,socialist
socialistbeta,left,socialist
youngsocialistunited,left,socialist
socialistra,left,socialist
msocialistalliance,left,socialist
socialist,left,socialist
socialistmusic,left,socialist
socialistsforsanders,left,socialist
socialistbookstudy,left,socialist
americansocialists,left,socialist
socialistpartyireland,left,socialist
socialist_and_chill,left,socialist
socialistgaming,left,socialist
hindu,right,hindutva
moderate,center_or_other,moderate
unmoderatedanarchism,center_or_other,moderate
mod__,center_or_other,moderate
libertarianfiction,right,libertarian
paleo,right,paleo_libertarianism
libertarianism,right,paleo_libertarianism
fullstalinism,left,stalinism
askreddit_unmoderated,center_or_other,moderate
moderat,center_or_other,moderate
moderatepolitics,center_or_other,moderate
moderaterepublican,center_or_other,moderate
seattleunmoderated,center_or_other,moderate
moderatelygranolamoms,center_or_other,moderate
bitcoin_unmoderated,center_or_other,moderate
unmoderated,center_or_other,moderate
conspiracymoderated,center_or_other,moderate
socialistpoetry,left,socialist
rsocialismmeta,left,socialism
anarchosyndicalism,left,syndicalism
socialistmeme,left,socialist
arab_socialists,left,socialist
socialistcirclejerk,left,socialist
ecosocialism,left,socialism
socialistcommune,left,socialist
srssocialism,left,socialism
libertariansocialism,left,socialism
nationalsocialism,left,socialism
truesocialism,left,socialism
socialism_101,left,socialism
capitalismiscrumbling,right,capitalism
socialismvcapitalism,left,socialism
christiansocialists,left,socialist
socialistfreedom,left,socialist
socialistalternative,left,socialist
socialistamerica,left,socialist
floridasocialists,left,socialist
californiasocialists,left,socialist
kentuckysocialists,left,socialist
socialistsoftexas,left,socialist
socialistskills,left,socialist
socialistreaders,left,socialist
socialistart,left,socialist
socialistsouth,left,socialist
socialistbs,left,socialist
democraticsocialist,left,socialist
socialistbooks,left,socialist
shitsocialistssay,left,socialist
socialistmovies,left,socialist
illinoissocialists,left,socialist
southernsocialists,left,socialist
notlibertarian,right,libertarian
libertarianjerk,right,libertarian
internetlibertarians,right,libertarian
modern,right,reactionarymodernism
maoist,left,maoist
latestagecapitalism,right,capitalism
anarcho_capitalism,right,capitalism
europe,center_or_other,europeanism
european,center_or_other,europeanism
capitalismvsocialism,right,capitalism
inclusivecapitalism,right,capitalism
fullcapitalism,right,capitalism
librecapitalism,right,capitalism
capitalismdeaththroes,right,capitalism
capitalismisbadok,right,capitalism
notevencapitalism,right,capitalism
beststagecapitalism,right,capitalism
thirdwaypowers,center_or_other,thirdway
socialismvscapitalism,right,capitalism
capitalismfacts,right,capitalism
enoughlibertarianspam,right,libertarian
libertariancopypasta,right,libertarian
bitcoinlibertarians,right,libertarian
nclibertarians,right,libertarian
arkansaslibertarians,right,libertarian
calibertarians,right,libertarian
georgialibertarians,right,libertarian
kansaslibertarians,right,libertarian
louisianalibertarians,right,libertarian
mass_libertarians,right,libertarian
nevadalibertarians,right,libertarian
nylibertarians,right,libertarian
libertarianpartyohio,right,libertarian
libertarianparty,right,libertarian
oregonlibertarians,right,libertarian
palibertarian,right,libertarian
tennesseelibertarians,right,libertarian
virginialibertarians,right,libertarian
libertarianpartyusa,right,libertarian
walibertarians,right,libertarian
texaslibertarians,right,libertarian
shitlibertariansay,right,libertarian
alabamalibertarians,right,libertarian
paleolibertarian,right,libertarian
libertariandebates,right,libertarian
thoughtfullibertarian,right,libertarian
libertarianbestof,right,libertarian
libertarianclan,right,libertarian
libertarianmeme,right,libertarian
libertarianleft,right,libertarian
asklibertarians,right,libertarian
libertarianaustralia,right,libertarian
geolibertarianism,right,libertarian
libertarianeurope,right,libertarian
libertarianca,right,libertarian
collegelibertarians,right,libertarian
libertarians,right,libertarian
libertariannews,right,libertarian
libertarian_history,right,libertarian
newjerseylibertarians,right,libertarian
illinoislibertarians,right,libertarian
shitlibertarianssay,right,libertarian
socialismfacts,left,socialism
socialism_and_chill,left,socialism
libertarianmarxist,left,marxist
marxistpalestine,left,marxist
marxisthumor,left,marxist
marxistbookclub,left,marxist
socialcorporatism,right,corporatism
corporatism,right,corporatism
marxistreadingclub,left,marxist
marxist_media,left,marxist
marxistfiction,left,marxist
mutualism,left,mutualism
christiandemocracy,right,christiandemocracy
inter,center_or_other,internationalism
austrianormarxist,left,marxist
objectivism,right,objectivism
trueobjectivism,right,objectivism
anarchobjectivism,right,objectivism
individualism,right,individualism
isreactionary_bot,right,reactionary
reactionaryjerk,right,reactionary
skycentrism,center_or_other,centrism
geocentrism,center_or_other,centrism
socialhuman,center_or_other,socialhumanism
euros,center_or_other,euroscepticism
egalitarian,left,egalitarianism
egalitarianism,left,egalitarianism
pragmatism,center_or_other,pragmatism
timetravelpragmatism,center_or_other,pragmatism
islam,right,islamism
trotskyism,left,trotskyism
marketanarchism,left,anarchism
market_socialism,center_or_other,market_socialism
fullfascism,right,fascism
metanarchism,left,anarchism
anarchism,left,anarchism
debateanarchism,left,anarchism
green_anarchism,left,anarchism
veganarchism,left,anarchism
anarcho_fascism,right,fascism
manarchism,left,anarchism
australiansocialism,left,socialism
qualitysocialism,left,socialism
metrosocialism,left,socialism
shitsocialismsays,left,socialism
nycsocialism,left,socialism
socialisminonesub,left,socialism
upliftingsocialism,left,socialism
socialism2,left,socialism
transfascism,right,fascism
bannedfromsocialism,left,socialism
latestagesocialism,left,socialism
starwarssocialism,left,socialism
recover_socialism,left,socialism
christiansocialism,left,socialism
socialismonline,left,socialism
audiosocialism,left,socialism
debatefascism,right,fascism
postleftanarchism,left,anarchism
shillcapitalism,right,capitalism
socialanarchism,left,anarchism
anarchismandtheory,left,anarchism
individualanarchism,left,anarchism
jewishanarchism,left,anarchism
christiananarchism,left,anarchism
debate_anarchism,left,anarchism
real_anarchism,left,anarchism
anarchismus,left,anarchism
anarchismpdfs,left,anarchism
alt_right,right,alt_right
postanarchism,left,anarchism
anarchy_anarchism,left,anarchism
libertarianismo,right,libertarianism
metametanarchism,left,anarchism
anarchismneedschange,left,anarchism
worldanarchism,left,anarchism
whatisanarchism,left,anarchism
anarchismonline,left,anarchism
peoplesmetanarchism,left,anarchism
antianarchism,left,anarchism
anarchisme,left,anarchism
anarchismcirclejerk,left,anarchism
unjustanarchism,left,anarchism
religiousanarchism,left,anarchism
authoritarians,right,authoritarian_conservatism
eurosceptics,center_or_other,euroscepticism
christians,right,christiandemocracy
christiantd,right,christiandemocracy
rationalism,center_or_other,internationalism
arachnocrapitalism,right,capitalism
democracy3,right,christiandemocracy
libertario,left,libertarian_socialism
objectivists,right,objectivism
monarchist,right,monarchism
socialdems,left,socialdemocracy
nationalist,right,nationalism
patriotsmusic,right,patriotism
brogressive,left,progressive
