SOURCE_SUBREDDIT,TARGET_SUBREDDIT,SOURCE_CATEGORY,TARGET_CATEGORY
bitcoinfrance,bitcoin,Finance and Markets,Finance and Markets
germany,renewableenergy,Other / unclassified,Energy
australianmakeup,aussiemakeupexchange,Other / unclassified,Finance and Markets
snackexchange,australia,Finance and Markets,Other / unclassified
coffee,australia,Commodities,Other / unclassified
italy,bitcoin,Other / unclassified,Finance and Markets
japanesemusicmarket,animebazaar,Finance and Markets,Other / unclassified
stockholm,sweden,Finance and Markets,Other / unclassified
bitcoinuk,unitedkingdom,Finance and Markets,Other / unclassified
indianauniversity,personalfinance,Other / unclassified,Finance and Markets
shadowban,italy,Finance and Markets,Other / unclassified
ukraineliveupdates,euromaidan,Other / unclassified,Institutions / Policies
israel,foreignpolicyanalysis,Other / unclassified,Economics
sweden,explainlikeimfive,Other / unclassified,Institutions / Policies
bitcoincirclejerk,japan,Finance and Markets,Other / unclassified
personalfinance,personalfinancecanada,Finance and Markets,Finance and Markets
personalfinancecanada,personalfinance,Finance and Markets,Finance and Markets
ukrainianconflict,explainlikeimfive,Other / unclassified,Institutions / Policies
brasil,brasilbitcoin,Other / unclassified,Finance and Markets
austrian_economics,debateacommunist,Economics,Other / unclassified
entrepreneur,indianews,Businesses,Other / unclassified
personalfinancecanada,technology,Finance and Markets,Other / unclassified
argentina,bitcoin,Other / unclassified,Finance and Markets
india,explainlikeimfive,Other / unclassified,Institutions / Policies
netflixcanada,movies,Finance and Markets,Other / unclassified
india,indiainvestments,Other / unclassified,Finance and Markets
thepopcornstand,canada,Commodities,Other / unclassified
entraideinformatique,france,Institutions / Policies,Other / unclassified
bitcoincolombia,bitcoin,Finance and Markets,Finance and Markets
irony,china,Commodities,Other / unclassified
italy,popcorntime,Other / unclassified,Commodities
china,shadowban,Other / unclassified,Finance and Markets
thailand,shadowban,Other / unclassified,Finance and Markets
waterloo,canadapolitics,Commodities,Other / unclassified
explainlikeimfive,india,Institutions / Policies,Other / unclassified
personalfinancecanada,lifeprotips,Finance and Markets,Other / unclassified
france,personalfinance,Other / unclassified,Finance and Markets
kenya,bitcoin,Other / unclassified,Finance and Markets
indiainvestments,india,Finance and Markets,Other / unclassified
india,windowsphone,Other / unclassified,Finance and Markets
pentax,indiana,Economics,Other / unclassified
ukraina,shadowban,Other / unclassified,Finance and Markets
mexico,personalfinance,Other / unclassified,Finance and Markets
argentina,explainlikeimfive,Other / unclassified,Institutions / Policies
indiainvestments,investing,Finance and Markets,Finance and Markets
india,personalfinance,Other / unclassified,Finance and Markets
argentinacirclejerk,mildlyinteresting,Other / unclassified,Finance and Markets
puertorico,coffee,Other / unclassified,Commodities
explainlikeimfive,france,Institutions / Policies,Other / unclassified
worldpowers,polandball,Energy,Other / unclassified
boston,personalfinancecanada,Other / unclassified,Finance and Markets
italy,business,Other / unclassified,Businesses
startups,germany,Businesses,Other / unclassified
personalfinancecanada,calgary,Finance and Markets,Other / unclassified
feduk,unitedkingdom,Institutions / Policies,Other / unclassified
indiainvestments,entrepreneur,Finance and Markets,Businesses
latvianjokes,mildlyinteresting,Other / unclassified,Finance and Markets
india,startups,Other / unclassified,Businesses
entrepreneur,china,Businesses,Other / unclassified
libertarianaustralia,anarcho_capitalism,Other / unclassified,Finance and Markets
goforgold,amifreetogo,Commodities,Other / unclassified
bitcoin,brasilbitcoin,Finance and Markets,Finance and Markets
mexico,explainlikeimfive,Other / unclassified,Institutions / Policies
learnspanish,explainlikeimfive,Other / unclassified,Institutions / Policies
unitedkingdom,ukpersonalfinance,Other / unclassified,Finance and Markets
questrade,personalfinancecanada,Businesses,Finance and Markets
austrianeconomics,classicalliberalparty,Economics,Other / unclassified
austrianeconomics,cmhoc,Economics,Other / unclassified
enoughlibertarianspam,austrian_economics,Other / unclassified,Economics
personalfinancecanada,canada,Finance and Markets,Other / unclassified
anarcho_capitalism,australia,Finance and Markets,Other / unclassified
bitcoinbeginners,japanlife,Finance and Markets,Other / unclassified
ausfinance,australia,Finance and Markets,Other / unclassified
philippines,bitcoin,Other / unclassified,Finance and Markets
mexico,bitcoin,Other / unclassified,Finance and Markets
austrian_economics,futurology,Economics,Other / unclassified
mongolia,explainlikeimfive,Other / unclassified,Institutions / Policies
malaysianpf,portfolios,Other / unclassified,Finance and Markets
anarcho_capitalism,india,Finance and Markets,Other / unclassified
startups,australia,Businesses,Other / unclassified
australia,interestingasfuck,Other / unclassified,Finance and Markets
starcitizenaustralia,starcitizen_trades,Other / unclassified,Businesses
personalfinance,latvia,Finance and Markets,Other / unclassified
eupersonalfinance,latvia,Finance and Markets,Other / unclassified
badeconomics,sweden,Economics,Other / unclassified
indonesia,smallbusiness,Other / unclassified,Businesses
cigarmarket,cubancigars,Finance and Markets,Other / unclassified
uwaterloo,canada,Commodities,Other / unclassified
personalfinancecanada,investing,Finance and Markets,Finance and Markets
anarcho_capitalism,brasil,Finance and Markets,Other / unclassified
policy2015,unitedkingdom,Economics,Other / unclassified
personalfinancecanada,vancouver,Finance and Markets,Other / unclassified
sitsthewind,singapore,Energy,Other / unclassified
iran,republican,Other / unclassified,Institutions / Policies
entrepreneur,india,Businesses,Other / unclassified
personalfinancecanada,iama,Finance and Markets,Other / unclassified
bitcointhailand,bitcoin,Finance and Markets,Finance and Markets
badeconomics,canada,Economics,Other / unclassified
explainlikeimfive,china,Institutions / Policies,Other / unclassified
wp_zimbabwe,worldpowers,Other / unclassified,Energy
darkmarketsbrasil,deepwebbrasil,Finance and Markets,Other / unclassified
deepwebbrasil,darkmarketsbrasil,Other / unclassified,Finance and Markets
malaysiawp,worldpowers,Other / unclassified,Energy
worldpowers,wp_zimbabwe,Energy,Other / unclassified
sundayexchange,singapore,Finance and Markets,Other / unclassified
sundayexchange,austria,Finance and Markets,Other / unclassified
sundayexchange,suomi,Finance and Markets,Other / unclassified
sundayexchange,pakistan,Finance and Markets,Other / unclassified
canadianinvestor,halifax,Finance and Markets,Other / unclassified
bitcoinnepal,bitcoin,Finance and Markets,Finance and Markets
bitcoinsouthafrica,bitcoinmarkets,Finance and Markets,Finance and Markets
personalfinancecanada,motorcycles,Finance and Markets,Other / unclassified
darkmarketsbrasil,darknetmarkets,Finance and Markets,Finance and Markets
darknetmarkets,darkmarketsbrasil,Finance and Markets,Finance and Markets
personalfinancecanada,advice,Finance and Markets,Other / unclassified
republicofcongo,africa,Institutions / Policies,Other / unclassified
personalfinancecanada,dataisbeautiful,Finance and Markets,Other / unclassified
australia,ausfinance,Other / unclassified,Finance and Markets
svenskpolitik,publicmodlogs,Other / unclassified,Institutions / Policies
canada,personalfinancecanada,Other / unclassified,Finance and Markets
sacrepublicfc,pakistan,Institutions / Policies,Other / unclassified
sundayexchange,thenetherlands,Finance and Markets,Other / unclassified
sundayexchange,armenia,Finance and Markets,Other / unclassified
sundayexchange,india,Finance and Markets,Other / unclassified
sundayexchange,newzealand,Finance and Markets,Other / unclassified
sundayexchange,argentina,Finance and Markets,Other / unclassified
sundayexchange,france,Finance and Markets,Other / unclassified
sundayexchange,romania,Finance and Markets,Other / unclassified
sundayexchange,hungary,Finance and Markets,Other / unclassified
brasilbitcoin,bitcoin,Finance and Markets,Finance and Markets
cyprus,entrepreneur,Other / unclassified,Businesses
madagascar,africa,Energy,Other / unclassified
iceland,mildlyinteresting,Other / unclassified,Finance and Markets
bitcoin,ukraina,Finance and Markets,Other / unclassified
bitrussia,bitcoin,Other / unclassified,Finance and Markets
bitcoin,bitrussia,Finance and Markets,Other / unclassified
thenetherlands,mildlyinteresting,Other / unclassified,Finance and Markets
spam,indiainvestments,Other / unclassified,Finance and Markets
bitcoin_greece,iama,Finance and Markets,Other / unclassified
bitcoin_greece,bitcoin,Finance and Markets,Finance and Markets
eastindiaco,darknetmarkets,Other / unclassified,Finance and Markets
singapore,coffee,Other / unclassified,Commodities
explainlikeimfive,newjersey,Institutions / Policies,Other / unclassified
stockholm,svenskpolitik,Finance and Markets,Other / unclassified
indonesia,shadowban,Other / unclassified,Finance and Markets
investing,china,Finance and Markets,Other / unclassified
bitcoin,greece,Finance and Markets,Other / unclassified
hardwareswapaustralia,mechmarket,Other / unclassified,Finance and Markets
parenting,personalfinancecanada,Other / unclassified,Finance and Markets
shadowban,unitedkingdom,Finance and Markets,Other / unclassified
explainlikeimfive,canada,Institutions / Policies,Other / unclassified
randirona,india,Commodities,Other / unclassified
thenetherlands,environment,Other / unclassified,Commodities
thenetherlands,economics,Other / unclassified,Economics
personalfinancecanada,canadapolitics,Finance and Markets,Other / unclassified
canada,explainlikeimfive,Other / unclassified,Institutions / Policies
indiana,explainlikeimfive,Other / unclassified,Institutions / Policies
india,anarcho_capitalism,Other / unclassified,Finance and Markets
brasil,windows10,Other / unclassified,Finance and Markets
portugal,explainlikeimfive,Other / unclassified,Institutions / Policies
iwantout,personalfinancecanada,Other / unclassified,Finance and Markets
iran,economics,Other / unclassified,Economics
sundayexchange,israel,Finance and Markets,Other / unclassified
sundayexchange,denmark,Finance and Markets,Other / unclassified
thenetherlands,interestingasfuck,Other / unclassified,Finance and Markets
sundayexchange,italy,Finance and Markets,Other / unclassified
sundayexchange,hanguk,Finance and Markets,Other / unclassified
india,windows10,Other / unclassified,Finance and Markets
personalfinancecanada,almosthomeless,Finance and Markets,Other / unclassified
praxacceptance,austrian_economics,Other / unclassified,Economics
ireland,beermoney,Other / unclassified,Finance and Markets
personalfinance,vietnam,Finance and Markets,Other / unclassified
britishrepublicans,unitedkingdom,Institutions / Policies,Other / unclassified
snackexchange,germany,Finance and Markets,Other / unclassified
chinabuyers,entrepreneur,Other / unclassified,Businesses
chinabuyers,startups,Other / unclassified,Businesses
personalfinancecanada,ottawa,Finance and Markets,Other / unclassified
bitcoinxt,bitrussia,Finance and Markets,Other / unclassified
anarcho_capitalism,newzealand,Finance and Markets,Other / unclassified
bahrain,explainlikeimfive,Other / unclassified,Institutions / Policies
sundayexchange,ireland,Finance and Markets,Other / unclassified
india,indiapolicy,Other / unclassified,Economics
startupgermany,lifeprotips,Businesses,Other / unclassified
sundayexchange,mexico,Finance and Markets,Other / unclassified
austrianeconomics,anarchy101,Economics,Other / unclassified
french_commander,ethereum,Other / unclassified,Finance and Markets
french_commander,bitcoin,Other / unclassified,Finance and Markets
sundayexchange,iran,Finance and Markets,Other / unclassified
sundayexchange,brasil,Finance and Markets,Other / unclassified
republicanism,egypt,Institutions / Policies,Other / unclassified
mainindia,explainlikeimfive,Other / unclassified,Institutions / Policies
personalfinancecanada,quitdebt,Finance and Markets,Economics
sundayexchange,polska,Finance and Markets,Other / unclassified
austrian_economics,anarcho_capitalism,Economics,Finance and Markets
indiainvestments,futurology,Finance and Markets,Other / unclassified
abraxasmarket,eastindiaco,Finance and Markets,Other / unclassified
darknetmarkets,eastindiaco,Finance and Markets,Other / unclassified
indiainvestments,lifeprotips,Finance and Markets,Other / unclassified
financialindependence,singapore,Finance and Markets,Other / unclassified
personalfinancecanada,bitcoin,Finance and Markets,Finance and Markets
ireland,footballdownload,Other / unclassified,Finance and Markets
brasil,explainlikeimfive,Other / unclassified,Institutions / Policies
philippines,popcorntime,Other / unclassified,Commodities
personalfinancecanada,canadianinvestor,Finance and Markets,Finance and Markets
canadianinvestor,personalfinancecanada,Finance and Markets,Finance and Markets
netflixcanada,netflix,Finance and Markets,Finance and Markets
netflix,netflixcanada,Finance and Markets,Finance and Markets
environment,unitedkingdom,Commodities,Other / unclassified
anarcho_capitalism,canada,Finance and Markets,Other / unclassified
sundayexchange,serbia,Finance and Markets,Other / unclassified
shadowban,iranian,Finance and Markets,Other / unclassified
brasil2,publicmodlogs,Other / unclassified,Institutions / Policies
thenetherlands,investing,Other / unclassified,Finance and Markets
austrian_economics,explainlikeimfive,Economics,Institutions / Policies
options,personalfinancecanada,Other / unclassified,Finance and Markets
explainlikeimfive,anormaldayinrussia,Institutions / Policies,Other / unclassified
serbian,mildlyinteresting,Other / unclassified,Finance and Markets
investing,personalfinancecanada,Finance and Markets,Finance and Markets
puertorico,explainlikeimfive,Other / unclassified,Institutions / Policies
financialindependence,personalfinancecanada,Finance and Markets,Finance and Markets
thenetherlands,explainlikeimfive,Other / unclassified,Institutions / Policies
steelers,indianapolis,Commodities,Other / unclassified
indianapolis,steelers,Other / unclassified,Commodities
canadianinvestor,investing,Finance and Markets,Finance and Markets
beermoneyindia,swagbucks,Finance and Markets,Other / unclassified
sundayexchange,sweden,Finance and Markets,Other / unclassified
japan,personalfinance,Other / unclassified,Finance and Markets
iranian,explainlikeimfive,Other / unclassified,Institutions / Policies
sundayexchange,portugal,Finance and Markets,Other / unclassified
sweden,snackexchange,Other / unclassified,Finance and Markets
croatia,cryptocurrency,Other / unclassified,Finance and Markets
australia,explainlikeimfive,Other / unclassified,Institutions / Policies
newzealand,explainlikeimfive,Other / unclassified,Institutions / Policies
personalfinancecanada,financialindependence,Finance and Markets,Finance and Markets
french,explainlikeimfive,Other / unclassified,Institutions / Policies
worldpowers,polandballgifs,Energy,Other / unclassified
canadianinvestor,securityanalysis,Finance and Markets,Other / unclassified
beermoney,beermoneyindia,Finance and Markets,Finance and Markets
beermoneyglobal,beermoneyindia,Finance and Markets,Finance and Markets
clicksforbeermoney,beermoneyindia,Finance and Markets,Finance and Markets
ireland,explainlikeimfive,Other / unclassified,Institutions / Policies
sundayexchange,iranian,Finance and Markets,Other / unclassified
adelaide,australia,Institutions / Policies,Other / unclassified
usexpattaxes,unitedkingdom,Economics,Other / unclassified
sundayexchange,canada,Finance and Markets,Other / unclassified
wp_canada,worldpowers,Other / unclassified,Energy
australia,beermoney,Other / unclassified,Finance and Markets
targetedenergyweapons,newjerseyfreakshow,Energy,Other / unclassified
cubancigars,cigarmarket,Other / unclassified,Finance and Markets
france,crypto,Other / unclassified,Finance and Markets
malaysia,mildlyinteresting,Other / unclassified,Finance and Markets
sundayexchange,southafrica,Finance and Markets,Other / unclassified
france,globalpowers,Other / unclassified,Energy
austrian_economics,mhoc,Economics,Other / unclassified
personalfinancecanada,relationships,Finance and Markets,Other / unclassified
startups,hongkong,Businesses,Other / unclassified
egypt,explainlikeimfive,Other / unclassified,Institutions / Policies
askaustrianeconomics,libertarian,Economics,Other / unclassified
personalfinancecanada,frugal,Finance and Markets,Other / unclassified
sundayexchange,ukraina,Finance and Markets,Other / unclassified
romania,explainlikeimfive,Other / unclassified,Institutions / Policies
philippines,snackexchange,Other / unclassified,Finance and Markets
polska,explainlikeimfive,Other / unclassified,Institutions / Policies
sundayexchange,australia,Finance and Markets,Other / unclassified
telseccompolicy,canada,Economics,Other / unclassified
personalfinancecanada,immigrationcanada,Finance and Markets,Other / unclassified
belgium,financialindependence,Other / unclassified,Finance and Markets
indiadiscussion,randirona,Other / unclassified,Commodities
dutchfire,personalfinance,Other / unclassified,Finance and Markets
japaneseporn2,javdownloadcenter,Other / unclassified,Finance and Markets
canada,oilandgas,Other / unclassified,Energy
legaladvice,personalfinancecanada,Other / unclassified,Finance and Markets
brasil,personalfinance,Other / unclassified,Finance and Markets
badeconomics,chile,Economics,Other / unclassified
skallywagwindorr,belgium,Energy,Other / unclassified
kwcanada,waterloo,Other / unclassified,Commodities
pucatrade,canada,Businesses,Other / unclassified
waterloo,canada,Commodities,Other / unclassified
indiainvestments,geopolitics,Finance and Markets,Other / unclassified
crh,personalfinancecanada,Other / unclassified,Finance and Markets
finland,explainlikeimfive,Other / unclassified,Institutions / Policies
portugal,personalfinance,Other / unclassified,Finance and Markets
indonesia,explainlikeimfive,Other / unclassified,Institutions / Policies
canada,windsorontario,Other / unclassified,Energy
newzealand,snackexchange,Other / unclassified,Finance and Markets
explainlikeimfive,unitedkingdom,Institutions / Policies,Other / unclassified
sundayexchange,croatia,Finance and Markets,Other / unclassified
sundayexchange,lebanon,Finance and Markets,Other / unclassified
cantax,personalfinancecanada,Economics,Finance and Markets
indiainvestments,personalfinance,Finance and Markets,Finance and Markets
norge,explainlikeimfive,Other / unclassified,Institutions / Policies
askeconomics,australia,Economics,Other / unclassified
southafrica,cryptocurrency,Other / unclassified,Finance and Markets
argentina,personalfinance,Other / unclassified,Finance and Markets
sundayexchange,malaysia,Finance and Markets,Other / unclassified
sundayexchange,norge,Finance and Markets,Other / unclassified
personalfinancecanada,cantax,Finance and Markets,Economics
japanesewatches,watchexchange,Other / unclassified,Finance and Markets
australia,adelaide,Other / unclassified,Institutions / Policies
personalfinancecanada,askto,Finance and Markets,Other / unclassified
personalfinancenz,newzealand,Finance and Markets,Other / unclassified
latestagecapitalism,newzealand,Finance and Markets,Other / unclassified
morbidquestions,personalfinancecanada,Other / unclassified,Finance and Markets
canadapublicservants,ottawa,Institutions / Policies,Other / unclassified
sundayexchange,spain,Finance and Markets,Other / unclassified
sundayexchange,greece,Finance and Markets,Other / unclassified
dutchfire,financialindependence,Other / unclassified,Finance and Markets
personalfinancecanada,stocks,Finance and Markets,Finance and Markets
seo_nuke,startupcanada,Other / unclassified,Businesses
sundayexchange,eesti,Finance and Markets,Other / unclassified
singapore,financialindependence,Other / unclassified,Finance and Markets
poland,silverbugs,Other / unclassified,Commodities
thailand,mildlyinteresting,Other / unclassified,Finance and Markets
dutchdrugzsupport,darknetmarkets,Other / unclassified,Finance and Markets
iceland,snackexchange,Other / unclassified,Finance and Markets
austrianeconomics,mhoc,Economics,Other / unclassified
badeconomics,australia,Economics,Other / unclassified
austrian_economics,iama,Economics,Other / unclassified
nirnpowers,german,Energy,Other / unclassified
france,castiron,Other / unclassified,Commodities
sweden,stockholm,Other / unclassified,Finance and Markets
personalfinance,insurancecanada,Finance and Markets,Other / unclassified
suomi,explainlikeimfive,Other / unclassified,Institutions / Policies
armenia,shadowban,Other / unclassified,Finance and Markets
personalfinancecanada,questrade,Finance and Markets,Businesses
thenetherlands,personalfinance,Other / unclassified,Finance and Markets
pokemongomanchester,stockport,Other / unclassified,Finance and Markets
philippines,personalfinance,Other / unclassified,Finance and Markets
darkmarketsbrasil,dnm_memes,Finance and Markets,Other / unclassified
france,beermoney,Other / unclassified,Finance and Markets
windowsphone,india,Finance and Markets,Other / unclassified
explainmydownvotes,canada,Finance and Markets,Other / unclassified
austrian_economics,cvsbookclub,Economics,Other / unclassified
latestagecapitalism,newjersey,Finance and Markets,Other / unclassified
askphysics,austrian_economics,Other / unclassified,Economics
econophysics,austrian_economics,Other / unclassified,Economics
sundayexchange,azerbaijan,Finance and Markets,Other / unclassified
personalfinancecanada,insurance,Finance and Markets,Other / unclassified
indianstartups,indiaspeaks,Businesses,Other / unclassified
singapore,explainlikeimfive,Other / unclassified,Institutions / Policies
smallbusiness,personalfinancecanada,Businesses,Finance and Markets
badeconomics,canadapolitics,Economics,Other / unclassified
halifax,personalfinancecanada,Other / unclassified,Finance and Markets
canadients,macrogrowery,Other / unclassified,Economics
entexchange,chinaglass,Finance and Markets,Other / unclassified
canada,personalfinance,Other / unclassified,Finance and Markets
badeconomics,newzealand,Economics,Other / unclassified
memeeconomy,canada,Economics,Other / unclassified
personalfinancecanada,android,Finance and Markets,Other / unclassified
darknetmarkets,canada,Finance and Markets,Other / unclassified
argentina,entrepreneur,Other / unclassified,Businesses
subreddit_stats,austrian_economics,Other / unclassified,Economics
philippines,investing,Other / unclassified,Finance and Markets
personalfinancecanada,chronicpain,Finance and Markets,Other / unclassified
learnjapanese,personalfinance,Other / unclassified,Finance and Markets
darknetmarkets,dnmindia,Finance and Markets,Other / unclassified
italy,personalfinance,Other / unclassified,Finance and Markets
indiacc,uwaterloo,Other / unclassified,Commodities
personalfinancecanada,fican,Finance and Markets,Other / unclassified
singapore,amishadowbanned,Other / unclassified,Finance and Markets
waterford,ireland,Commodities,Other / unclassified
dnmindia,darknetmarkets,Other / unclassified,Finance and Markets
askto,personalfinancecanada,Other / unclassified,Finance and Markets
austrian_economics,cmhoc,Economics,Other / unclassified
israel,explainlikeimfive,Other / unclassified,Institutions / Policies
algeria,askeconomics,Other / unclassified,Economics
bloomfieldmarket,greaterhongkong,Finance and Markets,Other / unclassified
sweden,mechmarket,Other / unclassified,Finance and Markets
canadiandaytrading,canadianinvestor,Finance and Markets,Finance and Markets
fican,personalfinancecanada,Other / unclassified,Finance and Markets
saudiarabia,economics,Other / unclassified,Economics
india,interestingasfuck,Other / unclassified,Finance and Markets
entrepreneur,unitedkingdom,Businesses,Other / unclassified
weedstocks,canada,Finance and Markets,Other / unclassified
latestagecapitalism,brasil,Finance and Markets,Other / unclassified
japanesemusic,netflix,Other / unclassified,Finance and Markets
amishadowbanned,india,Finance and Markets,Other / unclassified
personalfinancecanada,financialplanning,Finance and Markets,Finance and Markets
realestateinvesting,personalfinancecanada,Finance and Markets,Finance and Markets
italiapersonalfinance,personalfinance,Finance and Markets,Finance and Markets
austrian_economics,modelusgov,Economics,Other / unclassified
puertorico,bitcoin,Other / unclassified,Finance and Markets
weedstocks,canadaweedstocks,Finance and Markets,Finance and Markets
ironthronepowers,finnishdude101,Commodities,Other / unclassified
india,financialindependence,Other / unclassified,Finance and Markets
japancirclejerk,mildlyinteresting,Other / unclassified,Finance and Markets
austria,personalfinance,Other / unclassified,Finance and Markets
italy,latestagecapitalism,Other / unclassified,Finance and Markets
china,bitcoin,Other / unclassified,Finance and Markets
wallstreetbets,australia,Finance and Markets,Other / unclassified
redcorner,morocco,Commodities,Other / unclassified
crimsoncorner,morocco,Commodities,Other / unclassified
canadianinvestor,personalfinance,Finance and Markets,Finance and Markets
latestagecapitalism,uruguay,Finance and Markets,Other / unclassified
vanguard5threpublic,philippines,Institutions / Policies,Other / unclassified
vosfinances,france,Finance and Markets,Other / unclassified
latestagecapitalism,canada,Finance and Markets,Other / unclassified
italiapersonalfinance,italymotori,Finance and Markets,Other / unclassified
eupersonalfinance,dutchfire,Finance and Markets,Other / unclassified
europeanfederalists,france,Institutions / Policies,Other / unclassified
chinadata,bitcoin,Other / unclassified,Finance and Markets
switzerland,explainlikeimfive,Other / unclassified,Institutions / Policies
china,entrepreneur,Other / unclassified,Businesses
metacanada,explainlikeimfive,Other / unclassified,Institutions / Policies
economics,ireland,Economics,Other / unclassified
bitcoin,bitcoinfrance,Finance and Markets,Finance and Markets
ukraine,explainlikeimfive,Other / unclassified,Institutions / Policies
sweden,bitcoin,Other / unclassified,Finance and Markets
euromaidan,ukraine,Institutions / Policies,Other / unclassified
portugal,bitcoin,Other / unclassified,Finance and Markets
newzealand,nzbitcoin,Other / unclassified,Finance and Markets
objectivism,austrian_economics,Other / unclassified,Economics
hongkong,bitcoin,Other / unclassified,Finance and Markets
thailand,explainlikeimfive,Other / unclassified,Institutions / Policies
bitcoinaustralia,bitcoin,Finance and Markets,Finance and Markets
adelaide,trueaustralia,Institutions / Policies,Other / unclassified
bitcoinfrance,bitcoinserious,Finance and Markets,Finance and Markets
republicofindia,indianews,Institutions / Policies,Other / unclassified
colombia,bitcoin,Other / unclassified,Finance and Markets
metacanada,personalfinancecanada,Other / unclassified,Finance and Markets
austrian_economics,investing,Economics,Finance and Markets
austrian_economics,entrepreneur,Economics,Businesses
thepopcornstand,ukraine,Commodities,Other / unclassified
japan,bitcoin,Other / unclassified,Finance and Markets
bitcoin,france,Finance and Markets,Other / unclassified
austrian_economics,automate,Economics,Other / unclassified
metacanada,pennystocks,Other / unclassified,Finance and Markets
anarcho_capitalism,lithuania,Finance and Markets,Other / unclassified
thailand,bitcoin,Other / unclassified,Finance and Markets
canadian_ecigarette,explainlikeimfive,Other / unclassified,Institutions / Policies
newjerseyfilm,netflixbestof,Other / unclassified,Finance and Markets
eesti,bitcoin,Other / unclassified,Finance and Markets
argenbitcoin,argentina,Finance and Markets,Other / unclassified
bitcoinmtl,bitcoinfrance,Finance and Markets,Finance and Markets
elsalvador,netflixbestof,Other / unclassified,Finance and Markets
iceland,bitcoinis,Other / unclassified,Finance and Markets
goldredditsays,canada,Commodities,Other / unclassified
anarcho_capitalism,amifreetogo,Finance and Markets,Other / unclassified
hailcorporategold,unitedkingdom,Commodities,Other / unclassified
isleofman,bitcoin,Other / unclassified,Finance and Markets
windmills,thenetherlands,Energy,Other / unclassified
canada,bitcoin,Other / unclassified,Finance and Markets
bitcoinca,canada,Finance and Markets,Other / unclassified
environment,singapore,Commodities,Other / unclassified
newjersey,mildlyinteresting,Other / unclassified,Finance and Markets
guatemala,bestofnetflix,Other / unclassified,Finance and Markets
bitcoin,bitcoinsuomi,Finance and Markets,Finance and Markets
indianwriters,bitcoin,Other / unclassified,Finance and Markets
ecuador,explainlikeimfive,Other / unclassified,Institutions / Policies
colombia,explainlikeimfive,Other / unclassified,Institutions / Policies
austrian_economics,occupywallstreet,Economics,Finance and Markets
indiandownbots,india,Finance and Markets,Other / unclassified
bitcoin,australia,Finance and Markets,Other / unclassified
belgium,bitcoin,Other / unclassified,Finance and Markets
newzealand,interestingasfuck,Other / unclassified,Finance and Markets
metacanada,bitcoin,Other / unclassified,Finance and Markets
metacanada,mildlyinteresting,Other / unclassified,Finance and Markets
subredditdrama,nonaustrianeconomics,Other / unclassified,Economics
austrian_economics,pics,Economics,Other / unclassified
italy,explainlikeimfive,Other / unclassified,Institutions / Policies
austrian_economics,canada,Economics,Other / unclassified
thepopcornstand,newzealand,Commodities,Other / unclassified
mexico,agricultureporn,Other / unclassified,Commodities
anarcho_capitalism,austrian_economics,Finance and Markets,Economics
canadianfuturistparty,jobs4bitcoins,Other / unclassified,Finance and Markets
continuityrireland,mildlyinteresting,Other / unclassified,Finance and Markets
indonesia,globalpowers,Other / unclassified,Energy
canada,netflixcanada,Other / unclassified,Finance and Markets
badphilosophy,austrian_economics,Other / unclassified,Economics
newzealand,birthdayexchange,Other / unclassified,Finance and Markets
haiti,economy,Other / unclassified,Economics
finance,newjersey,Finance and Markets,Other / unclassified
business,newjersey,Businesses,Other / unclassified
india,economics,Other / unclassified,Economics
personalfinancecanada,ontario,Finance and Markets,Other / unclassified
italy,startups,Other / unclassified,Businesses
austrian_economics,libertarianmeme,Economics,Other / unclassified
hongkong,economics,Other / unclassified,Economics
badeconomics,india,Economics,Other / unclassified
unitedkingdom,bitcoinuk,Other / unclassified,Finance and Markets
metacanada,badeconomics,Other / unclassified,Economics
indiastartups,entrepreneur,Businesses,Businesses
austrian_economics,philosophy,Economics,Other / unclassified
haiti,mildlyinteresting,Other / unclassified,Finance and Markets
italy,economics,Other / unclassified,Economics
explainmydownvotes,india,Finance and Markets,Other / unclassified
haiti,economics,Other / unclassified,Economics
russian,language_exchange,Other / unclassified,Finance and Markets
firewater,newjersey,Commodities,Other / unclassified
thepopcornstand,polandball,Commodities,Other / unclassified
circlejerkaustralia,bitcoin,Other / unclassified,Finance and Markets
explainmydownvotes,hongkong,Finance and Markets,Other / unclassified
australia,bitcoin,Other / unclassified,Finance and Markets
circlejerkaustralia,anarcho_capitalism,Other / unclassified,Finance and Markets
philippines,mildlyinteresting,Other / unclassified,Finance and Markets
putinsdownfall,ukrainianconflict,Finance and Markets,Other / unclassified
mildlyinteresting,australia,Finance and Markets,Other / unclassified
austrian_economics,todayilearned,Economics,Other / unclassified
austrian_economics,changemyview,Economics,Other / unclassified
cryptoportugal,reddcoin,Finance and Markets,Other / unclassified
pakistan,interestingasfuck,Other / unclassified,Finance and Markets
thepopcornstand,ukrainianconflict,Commodities,Other / unclassified
france,bitcoin,Other / unclassified,Finance and Markets
iran,mildlyinteresting,Other / unclassified,Finance and Markets
unitedkingdom,feduk,Other / unclassified,Institutions / Policies
portugal,cryptoportugal,Other / unclassified,Finance and Markets
puertorico,economics,Other / unclassified,Economics
bitcoin,personalfinancecanada,Finance and Markets,Finance and Markets
foreignpolicyanalysis,ukrainianconflict,Economics,Other / unclassified
iceland,bitcoin,Other / unclassified,Finance and Markets
renewableenergy,australia,Energy,Other / unclassified
canadianbusiness,canada,Businesses,Other / unclassified
switzerland,mildlyinteresting,Other / unclassified,Finance and Markets
metacanada,environment,Other / unclassified,Commodities
unitedkingdom,explainlikeimfive,Other / unclassified,Institutions / Policies
indianauniversity,mildlyinteresting,Other / unclassified,Finance and Markets
thebucketfountain,newzealand,Finance and Markets,Other / unclassified
shadowban,romania,Finance and Markets,Other / unclassified
anarcho_capitalism,ireland,Finance and Markets,Other / unclassified
italy,mildlyinteresting,Other / unclassified,Finance and Markets
bitcoin,argentina,Finance and Markets,Other / unclassified
bitcoin,unitedkingdom,Finance and Markets,Other / unclassified
circlejerkaustralia,environment,Other / unclassified,Commodities
austrian_economics,switzerland,Economics,Other / unclassified
brasilbitcoin,bitcoinmarkets,Finance and Markets,Finance and Markets
japancirclejerk,explainlikeimfive,Other / unclassified,Institutions / Policies
bitcoin,canada,Finance and Markets,Other / unclassified
negativewithgold,australia,Commodities,Other / unclassified
austrian_economics,economics,Economics,Economics
studentloans,canada,Finance and Markets,Other / unclassified
forjamaicasmom,interestingasfuck,Other / unclassified,Finance and Markets
new_right,austrian_economics,Other / unclassified,Economics
yougotgold,singapore,Commodities,Other / unclassified
denmark,snackexchange,Other / unclassified,Finance and Markets
finland,snackexchange,Other / unclassified,Finance and Markets
germany,snackexchange,Other / unclassified,Finance and Markets
ireland,snackexchange,Other / unclassified,Finance and Markets
norway,snackexchange,Other / unclassified,Finance and Markets
economics,indiainvestments,Economics,Finance and Markets
argentina,adventuretime,Other / unclassified,Businesses
mmt_economics,australia,Economics,Other / unclassified
thepopcornstand,india,Commodities,Other / unclassified
mexicoconspiracy,economics,Other / unclassified,Economics
melbtrade,australia,Businesses,Other / unclassified
mildlyinteresting,darwinaustralia,Finance and Markets,Other / unclassified
mildlyinteresting,philippines,Finance and Markets,Other / unclassified
worldpowerball,polandball,Energy,Other / unclassified
madeinchina,mildlyinteresting,Other / unclassified,Finance and Markets
italy,damnthatsinteresting,Other / unclassified,Finance and Markets
newjersey,beermoney,Other / unclassified,Finance and Markets
romania,howtonotgiveafuck,Other / unclassified,Institutions / Policies
lithuania,personalfinance,Other / unclassified,Finance and Markets
australia,mildlyinteresting,Other / unclassified,Finance and Markets
indiainvestments,financialindependence,Finance and Markets,Finance and Markets
thepopcornstand,australia,Commodities,Other / unclassified
metacanada,occupywallstreet,Other / unclassified,Finance and Markets
metacanada,economics,Other / unclassified,Economics
newzealand,personalfinance,Other / unclassified,Finance and Markets
thepopcornstand,saudiarabia,Commodities,Other / unclassified
cryptoindia,dogecoin,Finance and Markets,Other / unclassified
amifreetogo,bitcoin,Other / unclassified,Finance and Markets
mexicoconspiracy,occupywallstreet,Other / unclassified,Finance and Markets
philippines,explainlikeimfive,Other / unclassified,Institutions / Policies
ireland,personalfinance,Other / unclassified,Finance and Markets
publictransportnl,thenetherlands,Businesses,Other / unclassified
redbank,newjersey,Finance and Markets,Other / unclassified
mexicoconspiracy,banksters,Other / unclassified,Finance and Markets
italy,agricultureporn,Other / unclassified,Commodities
eesti,interestingasfuck,Other / unclassified,Finance and Markets
thepopcornstand,ireland,Commodities,Other / unclassified
greenenergychinaev,worldnews,Energy,Other / unclassified
malaysia,goforgold,Other / unclassified,Commodities
betterbitcoin,greece,Finance and Markets,Other / unclassified
austrian_economics,askreddit,Economics,Other / unclassified
austrian_economics,science,Economics,Other / unclassified
india,bitcoin,Other / unclassified,Finance and Markets
badeconomics,austrian_economics,Economics,Economics
bestof,personalfinancecanada,Other / unclassified,Finance and Markets
japancirclejerk,anarcho_capitalism,Other / unclassified,Finance and Markets
forjamaica,interestingasfuck,Other / unclassified,Finance and Markets
bitcoin,india,Finance and Markets,Other / unclassified
thepopcornstand,minneapolis,Commodities,Other / unclassified
libertarian,austrian_economics,Other / unclassified,Economics
india,business,Other / unclassified,Businesses
goldredditsays,india,Commodities,Other / unclassified
austrian_economics,brasil,Economics,Other / unclassified
singapore,mildlyinteresting,Other / unclassified,Finance and Markets
bitcoinfrance,bitcoinch,Finance and Markets,Finance and Markets
shutdownmetacanada,canada,Finance and Markets,Other / unclassified
japanlife,explainlikeimfive,Other / unclassified,Institutions / Policies
ghana,bitcoin,Other / unclassified,Finance and Markets
anarcho_capitalism,brazil,Finance and Markets,Other / unclassified
badeconomics,ireland,Economics,Other / unclassified
shutdownmetacanada,metacanada,Finance and Markets,Other / unclassified
economy,australia,Economics,Other / unclassified
anarcho_capitalism,greece,Finance and Markets,Other / unclassified
economy,greece,Economics,Other / unclassified
marketanarchism,australia,Finance and Markets,Other / unclassified
replygore,personalfinancecanada,Other / unclassified,Finance and Markets
iran,bitcoin,Other / unclassified,Finance and Markets
obitcoin,brasilbitcoin,Finance and Markets,Finance and Markets
subredditdrama,personalfinancecanada,Other / unclassified,Finance and Markets
studentloandefaulters,japanlife,Finance and Markets,Other / unclassified
portugalcaralho,bitcoin,Other / unclassified,Finance and Markets
chile,bitcoin,Other / unclassified,Finance and Markets
armenia,explainlikeimfive,Other / unclassified,Institutions / Policies
brasilbitcoin,obitcoin,Finance and Markets,Finance and Markets
ukraina,explainlikeimfive,Other / unclassified,Institutions / Policies
francehate,mildlyinteresting,Other / unclassified,Finance and Markets
italy,darknetmarkets,Other / unclassified,Finance and Markets
italytest,goldbenefits,Other / unclassified,Commodities
nepal,bitcoin,Other / unclassified,Finance and Markets
thepopcornstand,israel,Commodities,Other / unclassified
cjofindia,explainlikeimfive,Other / unclassified,Institutions / Policies
canadiansuperpromise,edmontonoilers,Other / unclassified,Energy
crypto,unitedkingdom,Finance and Markets,Other / unclassified
votingreform,unitedkingdom,Institutions / Policies,Other / unclassified
dominica,bitcoin,Other / unclassified,Finance and Markets
policereformsindia,india,Institutions / Policies,Other / unclassified
frenchrap,importedhiphop,Other / unclassified,Businesses
china,explainlikeimfive,Other / unclassified,Institutions / Policies
norwayonreddit,economics,Other / unclassified,Economics
brasil,obitcoin,Other / unclassified,Finance and Markets
jpop,aidorujapaneseidols,Other / unclassified,Institutions / Policies
southafrica,solar,Other / unclassified,Energy
thepopcornstand,polishgauntlet,Commodities,Other / unclassified
australianaccounting,ausfinance,Other / unclassified,Finance and Markets
greece,economics,Other / unclassified,Economics
pakistan,sacrepublicfc,Other / unclassified,Institutions / Policies
netflixaustralia,technology,Finance and Markets,Other / unclassified
tradeissues,unitedkingdom,Businesses,Other / unclassified
beermoneycanada,beermoney,Finance and Markets,Finance and Markets
norwayonreddit,environment,Other / unclassified,Commodities
economics,unitedkingdom,Economics,Other / unclassified
economy,unitedkingdom,Economics,Other / unclassified
japan,explainlikeimfive,Other / unclassified,Institutions / Policies
japancirclejerk,darknetmarkets,Other / unclassified,Finance and Markets
canada,environment,Other / unclassified,Commodities
italy,coffee,Other / unclassified,Commodities
msabroad,indiainvestments,Other / unclassified,Finance and Markets
anarcho_capitalism,china,Finance and Markets,Other / unclassified
greece,bitcoin,Other / unclassified,Finance and Markets
thepopcornstand,greece,Commodities,Other / unclassified
venturedcapital,israel,Finance and Markets,Other / unclassified
btcgreece,bitcoin,Other / unclassified,Finance and Markets
china,investing,Other / unclassified,Finance and Markets
policydebate,india,Economics,Other / unclassified
bitcoin,hongkong,Finance and Markets,Other / unclassified
pfjerk,personalfinancecanada,Other / unclassified,Finance and Markets
wallstreetbets,china,Finance and Markets,Other / unclassified
norwayonreddit,damnthatsinteresting,Other / unclassified,Finance and Markets
norwayonreddit,explainlikeimfive,Other / unclassified,Institutions / Policies
belgium,explainlikeimfive,Other / unclassified,Institutions / Policies
thepopcornstand,unitedkingdom,Commodities,Other / unclassified
denmark,mildlyinteresting,Other / unclassified,Finance and Markets
thepopcornstand,japan,Commodities,Other / unclassified
kawaiimetal,aidorujapaneseidols,Other / unclassified,Institutions / Policies
puertorico,investing,Other / unclassified,Finance and Markets
brasilbitcoin,pixuleco,Finance and Markets,Other / unclassified
unitedkingdom,food_bank,Other / unclassified,Finance and Markets
norwayonreddit,business,Other / unclassified,Businesses
finance,china,Finance and Markets,Other / unclassified
ausfinance,china,Finance and Markets,Other / unclassified
misleadingthumbnails,anormaldayinrussia,Commodities,Other / unclassified
newzealand,badeconomics,Other / unclassified,Economics
metacanada,uwaterloo,Other / unclassified,Commodities
russian,explainlikeimfive,Other / unclassified,Institutions / Policies
badfinancialadvice,unitedkingdom,Finance and Markets,Other / unclassified
canadapolitics,explainlikeimfive,Other / unclassified,Institutions / Policies
saudiarabia,interestingasfuck,Other / unclassified,Finance and Markets
northernireland,personalfinance,Other / unclassified,Finance and Markets
brasil,nerdpowerbr,Other / unclassified,Energy
churningcanada,personalfinancecanada,Other / unclassified,Finance and Markets
japanlife,bitcoinjp,Other / unclassified,Finance and Markets
anarcho_capitalism,newjersey,Finance and Markets,Other / unclassified
basicincomecanada,anarcho_capitalism,Other / unclassified,Finance and Markets
austrian_economics,crazyideas,Economics,Other / unclassified
norwayonreddit,energy,Other / unclassified,Energy
cuba,bitcoin,Other / unclassified,Finance and Markets
belgium,mildlyinteresting,Other / unclassified,Finance and Markets
sverigerunt,stockholm,Other / unclassified,Finance and Markets
canada,republicofcanada,Other / unclassified,Institutions / Policies
constitution,republicofcanada,Other / unclassified,Institutions / Policies
italy,globalpowers,Other / unclassified,Energy
italy,finance,Other / unclassified,Finance and Markets
anarcho_capitalism,germany,Finance and Markets,Other / unclassified
indiancountry,explainlikeimfive,Other / unclassified,Institutions / Policies
docventures,suomi,Businesses,Other / unclassified
financialindependence,denmark,Finance and Markets,Other / unclassified
bitcoin_uncensored,unitedkingdom,Finance and Markets,Other / unclassified
badeconomics,unitedkingdom,Economics,Other / unclassified
anarcho_capitalism,philippines,Finance and Markets,Other / unclassified
darknetmarketsnz,newzealand,Finance and Markets,Other / unclassified
wallstreetbets,canadianinvestor,Finance and Markets,Finance and Markets
thefreemarket,newzealand,Finance and Markets,Other / unclassified
france,business,Other / unclassified,Businesses
indiapolicy,india,Economics,Other / unclassified
financialindependence,canada,Finance and Markets,Other / unclassified
explainmydownvotes,germany,Finance and Markets,Other / unclassified
belgium,interestingasfuck,Other / unclassified,Finance and Markets
goldredditsays,germany,Commodities,Other / unclassified
croatia,personalfinance,Other / unclassified,Finance and Markets
france,explainlikeimfive,Other / unclassified,Institutions / Policies
argentina,popcorntime,Other / unclassified,Commodities
lebanon,mildlyinteresting,Other / unclassified,Finance and Markets
sweden,mildlyinteresting,Other / unclassified,Finance and Markets
badeconomics,denmark,Economics,Other / unclassified
bitcoin,japan,Finance and Markets,Other / unclassified
polska,interestingasfuck,Other / unclassified,Finance and Markets
explainmydownvotes,australia,Finance and Markets,Other / unclassified
negativewithgold,canada,Commodities,Other / unclassified
metacanada,financialindependence,Other / unclassified,Finance and Markets
indianews,randirona,Other / unclassified,Commodities
japancirclejerk,javdownloadcenter,Other / unclassified,Finance and Markets
greece,anarcho_capitalism,Other / unclassified,Finance and Markets
libertariangreece,anarcho_capitalism,Other / unclassified,Finance and Markets
myanmar,explainlikeimfive,Other / unclassified,Institutions / Policies
indiamain,randirona,Other / unclassified,Commodities
distritofederal,mexico,Institutions / Policies,Other / unclassified
latestagecapitalism,ireland,Finance and Markets,Other / unclassified
china,darknetmarkets,Other / unclassified,Finance and Markets
goodeconomics,unitedkingdom,Economics,Other / unclassified
bitcoinfrance,franceliberale,Finance and Markets,Other / unclassified
vosfinances,franceliberale,Finance and Markets,Other / unclassified
madagascar,movies,Energy,Other / unclassified
bitcoin,southafrica,Finance and Markets,Other / unclassified
tradelands,imagesofaustralia,Businesses,Other / unclassified
canadianinvestor,pricetargets,Finance and Markets,Commodities
austrian_economics,politics,Economics,Other / unclassified
thepopcornstand,argentina,Commodities,Other / unclassified
negativewithgold,belgium,Commodities,Other / unclassified
calgary,personalfinancecanada,Other / unclassified,Finance and Markets
japancirclejerk,bitcoin,Other / unclassified,Finance and Markets
forjamaicasmom,damnthatsinteresting,Other / unclassified,Finance and Markets
circlejerkaustralia,explainlikeimfive,Other / unclassified,Institutions / Policies
fairepublicofireland,ireland,Institutions / Policies,Other / unclassified
ireland,gofundme,Other / unclassified,Finance and Markets
newjerseyfilm,bestofnetflix,Other / unclassified,Finance and Markets
mildlyinteresting,singapore,Finance and Markets,Other / unclassified
harpersrecession,canada,Economics,Other / unclassified
germantrees,darknetmarkets,Other / unclassified,Finance and Markets
ancap_videos,austrian_economics,Other / unclassified,Economics
argentina,mildlyinteresting,Other / unclassified,Finance and Markets
unitedkingdom,mildlyinteresting,Other / unclassified,Finance and Markets
portugal,interestingasfuck,Other / unclassified,Finance and Markets
greenenergychinaev,science,Energy,Other / unclassified
croatia,economics,Other / unclassified,Economics
unitedkingdom,darknetmarkets,Other / unclassified,Finance and Markets
norge,netflixbestof,Other / unclassified,Finance and Markets
metacanada,investing,Other / unclassified,Finance and Markets
negativewithgold,newzealand,Commodities,Other / unclassified
singapore,windowshelp,Other / unclassified,Finance and Markets
croatia,interestingasfuck,Other / unclassified,Finance and Markets
ireland,netflix,Other / unclassified,Finance and Markets
indiancountry,netflixbestof,Other / unclassified,Finance and Markets
italy,interestingasfuck,Other / unclassified,Finance and Markets
badeconomics,indianews,Economics,Other / unclassified
france,mildlyinteresting,Other / unclassified,Finance and Markets
japancirclejerk,damnthatsinteresting,Other / unclassified,Finance and Markets
argentina,shadowban,Other / unclassified,Finance and Markets
badeconomics,nepal,Economics,Other / unclassified
fiaustralia,financialindependence,Other / unclassified,Finance and Markets
belarus,eurasianeconomicunion,Other / unclassified,Economics
latviajokes,mildlyinteresting,Other / unclassified,Finance and Markets
windowsphone,polandball,Finance and Markets,Other / unclassified
franchisetips,entrepreneur,Other / unclassified,Businesses
nonaustrianeconomics,historyofideas,Economics,Other / unclassified
anarcho_capitalism,metacanada,Finance and Markets,Other / unclassified
panamapapers,entrepreneur,Other / unclassified,Businesses
threadkillers,indiainvestments,Other / unclassified,Finance and Markets
china_news,currency,Other / unclassified,Finance and Markets
hongkong,publicfreakout,Other / unclassified,Institutions / Policies
canadapolitics,economy,Other / unclassified,Economics
humancapital,india,Finance and Markets,Other / unclassified
argentina,energy,Other / unclassified,Energy
latestagecapitalism,malaysia,Finance and Markets,Other / unclassified
newjerseyfreakshow,targetedenergyweapons,Other / unclassified,Energy
bitcoinvenezuela,btc,Finance and Markets,Other / unclassified
canadianforces,personalfinancecanada,Other / unclassified,Finance and Markets
dutchshitonreddit,mildlyinteresting,Other / unclassified,Finance and Markets
bitcoin,puertorico,Finance and Markets,Other / unclassified
brasil,anarcho_capitalism,Other / unclassified,Finance and Markets
buttcoin,personalfinancecanada,Other / unclassified,Finance and Markets
mexicoconspiracy,anarcho_capitalism,Other / unclassified,Finance and Markets
publichealthwatch,eesti,Institutions / Policies,Other / unclassified
indiana,mildlyinteresting,Other / unclassified,Finance and Markets
portugal,mildlyinteresting,Other / unclassified,Finance and Markets
philippines,interestingasfuck,Other / unclassified,Finance and Markets
newzealand,mildlyinteresting,Other / unclassified,Finance and Markets
metametacanada,badeconomics,Other / unclassified,Economics
cryptoportugal,portugal,Finance and Markets,Other / unclassified
goldredditsays,unitedkingdom,Commodities,Other / unclassified
portugalcaralho,interestingasfuck,Other / unclassified,Finance and Markets
germany,startups,Other / unclassified,Businesses
indonesia,interestingasfuck,Other / unclassified,Finance and Markets
southafrica,explainlikeimfive,Other / unclassified,Institutions / Policies
canandiansinusa,personalfinancecanada,Other / unclassified,Finance and Markets
latestagecapitalism,unitedkingdom,Finance and Markets,Other / unclassified
india,surplusengineering,Other / unclassified,Economics
goodeconomics,australia,Economics,Other / unclassified
latestagecapitalism,mongolia,Finance and Markets,Other / unclassified
norge,economics,Other / unclassified,Economics
bitcoin,china,Finance and Markets,Other / unclassified
publichealthwatch,israel,Institutions / Policies,Other / unclassified
newjersey,personalfinance,Other / unclassified,Finance and Markets
badeconomics,philippines,Economics,Other / unclassified
denmark,waterporn,Other / unclassified,Commodities
shithatinterestsme,israel,Finance and Markets,Other / unclassified
titlegore,personalfinancecanada,Other / unclassified,Finance and Markets
publichealthwatch,canada,Institutions / Policies,Other / unclassified
anarcho_capitalism,unitedkingdom,Finance and Markets,Other / unclassified
negativewithgold,unitedkingdom,Commodities,Other / unclassified
germany,deutschestartups,Other / unclassified,Businesses
austrian_economics,socialism,Economics,Other / unclassified
snackexchange,japanlife,Finance and Markets,Other / unclassified
newzealand,economics,Other / unclassified,Economics
canada,badeconomics,Other / unclassified,Economics
unitedkingdom,alternativefinanceuk,Other / unclassified,Finance and Markets
canadapublicservants,canada,Institutions / Policies,Other / unclassified
argentina,interestingasfuck,Other / unclassified,Finance and Markets
forjamaica,personalfinance,Other / unclassified,Finance and Markets
dcfrenchstudent,mildlyinteresting,Other / unclassified,Finance and Markets
ethtrader,canada,Businesses,Other / unclassified
australianfascists,wallstreetbets,Other / unclassified,Finance and Markets
goldandblack,canadapolitics,Commodities,Other / unclassified
paidrussiantrolls,worldnews,Institutions / Policies,Other / unclassified
spanish,explainlikeimfive,Other / unclassified,Institutions / Policies
publichealthwatch,philippines,Institutions / Policies,Other / unclassified
metacanada,publichealthwatch,Other / unclassified,Institutions / Policies
publichealthwatch,newzealand,Institutions / Policies,Other / unclassified
jerseycity,entrepreneurridealong,Other / unclassified,Businesses
cambodia,fundraisers,Other / unclassified,Finance and Markets
publicfreakout,newbrunswickcanada,Institutions / Policies,Other / unclassified
adelaide,australianmfa,Institutions / Policies,Other / unclassified
edmontonoilers,singapore,Energy,Other / unclassified
esotericexperts,unitedkingdom,Commodities,Other / unclassified
austrian_economics,goldandblack,Economics,Commodities
concentrationofwealth,canada,Finance and Markets,Other / unclassified
latvianjokes,notinteresting,Other / unclassified,Finance and Markets
india,indianstartups,Other / unclassified,Businesses
latestagecapitalism,puertorico,Finance and Markets,Other / unclassified
tunisia,eurasianeconomicunion,Other / unclassified,Economics
newjersey,bridgewaternj,Other / unclassified,Commodities
pakistan,latestagecapitalism,Other / unclassified,Finance and Markets
unitedkingdom,personalfinance,Other / unclassified,Finance and Markets
legaladviceinaction,personalfinancecanada,Other / unclassified,Finance and Markets
northernireland,mildlyinteresting,Other / unclassified,Finance and Markets
brasildob,latestagecapitalism,Other / unclassified,Finance and Markets
explainmydownvotes,japan,Finance and Markets,Other / unclassified
badeconomics,japan,Economics,Other / unclassified
nederlands,snackexchange,Other / unclassified,Finance and Markets
netflixjapan,documentaries,Finance and Markets,Other / unclassified
china,personalfinance,Other / unclassified,Finance and Markets
singapore,bitcoin,Other / unclassified,Finance and Markets
japancirclejerk,newtothenavy,Other / unclassified,Institutions / Policies
goldandblack,southafrica,Commodities,Other / unclassified
brasil,damnthatsinteresting,Other / unclassified,Finance and Markets
singapore,entrepreneur,Other / unclassified,Businesses
indianews,gold,Other / unclassified,Commodities
latestagecapitalism,australia,Finance and Markets,Other / unclassified
wallstreetbets,southafrica,Finance and Markets,Other / unclassified
norwayonreddit,interestingasfuck,Other / unclassified,Finance and Markets
memeeconomy,sweden,Economics,Other / unclassified
france,interestingasfuck,Other / unclassified,Finance and Markets
chile,explainlikeimfive,Other / unclassified,Institutions / Policies
oilspill,indiancountry,Energy,Other / unclassified
environmentaljustice,indiancountry,Commodities,Other / unclassified
federalindianlaw,indiancountry,Institutions / Policies,Other / unclassified
mildlyinteresting,india,Finance and Markets,Other / unclassified
ireland,latestagecapitalism,Other / unclassified,Finance and Markets
japancirclejerk,japanhowdoilife,Other / unclassified,Energy
japanhowdoilife,japanlife,Energy,Other / unclassified
cryptocurrency,austrian_economics,Finance and Markets,Economics
japanhowdoilife,japantravel,Energy,Other / unclassified
canadianinvestor,canopygrowthcorp,Finance and Markets,Economics
goldandblack,australia,Commodities,Other / unclassified
suddenlyspanish,mildlyinteresting,Other / unclassified,Finance and Markets
brasil,mildlyinteresting,Other / unclassified,Finance and Markets
china,gold,Other / unclassified,Commodities
environment,china,Commodities,Other / unclassified
china_news,gold,Other / unclassified,Commodities
the_meltdown,australia,Finance and Markets,Other / unclassified
italymeltdown,perlediritaly,Finance and Markets,Other / unclassified
indiastartups,indiaspeaks,Businesses,Other / unclassified
italymeltdown,italy,Finance and Markets,Other / unclassified
chinafinance,filmmarket,Finance and Markets,Finance and Markets
italymeltdown,europe,Finance and Markets,Other / unclassified
negativewithgold,india,Commodities,Other / unclassified
hillarymeltdown,canada,Finance and Markets,Other / unclassified
metacanada,vegas,Other / unclassified,Energy
france,entraideinformatique,Other / unclassified,Institutions / Policies
bridgewaternj,newjersey,Commodities,Other / unclassified
environment,india,Commodities,Other / unclassified
stopfundinghate,unitedkingdom,Finance and Markets,Other / unclassified
india,silverbugs,Other / unclassified,Commodities
indiamain,silverbugs,Other / unclassified,Commodities
india,gold,Other / unclassified,Commodities
indiamain,gold,Other / unclassified,Commodities
belgium,goforgold,Other / unclassified,Commodities
artinvesting,chinaart,Finance and Markets,Other / unclassified
australiansocialism,latestagecapitalism,Other / unclassified,Finance and Markets
metacanada,personalfinance,Other / unclassified,Finance and Markets
ottawa,canadapublicservants,Other / unclassified,Institutions / Policies
canada,canadapublicservants,Other / unclassified,Institutions / Policies
adelaide,newzealand,Institutions / Policies,Other / unclassified
francelibre,publicfreakout,Other / unclassified,Institutions / Policies
unitedkingdom,beermoneyuk,Other / unclassified,Finance and Markets
norwayonreddit,mildlyinteresting,Other / unclassified,Finance and Markets
weedstocks,canadients,Finance and Markets,Other / unclassified
singapore,singaporefinance,Other / unclassified,Finance and Markets
historyofaustria,explainlikeimfive,Other / unclassified,Institutions / Policies
croatia,startupscroatia,Other / unclassified,Businesses
singapore,personalfinance,Other / unclassified,Finance and Markets
china,publicfreakout,Other / unclassified,Institutions / Policies
the_meltdown,israel,Finance and Markets,Other / unclassified
depthhub,personalfinancecanada,Other / unclassified,Finance and Markets
india,gostartupindia,Other / unclassified,Businesses
boardsofcanada,mildlyinteresting,Other / unclassified,Finance and Markets
switzerland,publichealth,Other / unclassified,Institutions / Policies
askswitzerland,publichealth,Other / unclassified,Institutions / Policies
france,bitcoinfrance,Other / unclassified,Finance and Markets
capitalismiscrumbling,canada,Finance and Markets,Other / unclassified
darknetmarketsno,norge,Finance and Markets,Other / unclassified
irishpersonalfinance,ireland,Finance and Markets,Other / unclassified
quebec,personalfinancecanada,Other / unclassified,Finance and Markets
suomi,interestingasfuck,Other / unclassified,Finance and Markets
entraideinformatique,frenchtech,Institutions / Policies,Other / unclassified
austrian_economics,badeconomics,Economics,Economics
unitedkingdom,damnthatsinteresting,Other / unclassified,Finance and Markets
historyofaustria,interestingasfuck,Other / unclassified,Finance and Markets
metacanada,startups,Other / unclassified,Businesses
pakistan,mildlyinteresting,Other / unclassified,Finance and Markets
memeeconomy,ireland,Economics,Other / unclassified
japan,rice,Other / unclassified,Commodities
economiccollapse,china,Economics,Other / unclassified
downvotesreally,france,Finance and Markets,Other / unclassified
singaporefi,financialindependence,Other / unclassified,Finance and Markets
bitcoin_singapore,bitcoin,Finance and Markets,Finance and Markets
frugal_jerk,personalfinancecanada,Other / unclassified,Finance and Markets
argentina,economics,Other / unclassified,Economics
goldandblack,austrian_economics,Commodities,Economics
indiaspeaks,bitcoin,Other / unclassified,Finance and Markets
goldandblack,romania,Commodities,Other / unclassified
canadaweedstocks,weedstocks,Finance and Markets,Finance and Markets
metacanada,wallstreetbets,Other / unclassified,Finance and Markets
canada,wallstreetbets,Other / unclassified,Finance and Markets
mexico,badeconomics,Other / unclassified,Economics
vietnam,personalfinance,Other / unclassified,Finance and Markets
metacanada,latestagecapitalism,Other / unclassified,Finance and Markets
japancirclejerk,nuclearpower,Other / unclassified,Energy
estateplanning,personalfinancecanada,Other / unclassified,Finance and Markets
romania_ss,cornporn,Other / unclassified,Commodities
goldredditsays,personalfinancecanada,Commodities,Finance and Markets
unitedkingdom,latestagecapitalism,Other / unclassified,Finance and Markets
irony,unitedkingdom,Commodities,Other / unclassified
goldandblack,askswitzerland,Commodities,Other / unclassified
wallstreetbets,anormaldayinrussia,Finance and Markets,Other / unclassified
hungaryforpower,civhybridgames,Energy,Other / unclassified
latestagecapitalism,india,Finance and Markets,Other / unclassified
chong4leader,canadapolitics,Commodities,Other / unclassified
defundthecbc,canada,Finance and Markets,Other / unclassified
defundcbc,canada,Finance and Markets,Other / unclassified
brasil,interestingasfuck,Other / unclassified,Finance and Markets
canadients,canadaweedstocks,Other / unclassified,Finance and Markets
finance,canadaweedstocks,Finance and Markets,Finance and Markets
the_meltdown,thailand,Finance and Markets,Other / unclassified
bangladesh,mildlyinteresting,Other / unclassified,Finance and Markets
norwayonreddit,latestagecapitalism,Other / unclassified,Finance and Markets
mexico,financialindependence,Other / unclassified,Finance and Markets
downvotesreally,canada,Finance and Markets,Other / unclassified
brasil,latestagecapitalism,Other / unclassified,Finance and Markets
dutchshitonreddit,interestingasfuck,Other / unclassified,Finance and Markets
indianews,netflixbestof,Other / unclassified,Finance and Markets
japancirclejerk,coffee,Other / unclassified,Commodities
latestagecapitalism,colombia,Finance and Markets,Other / unclassified
lendingloop,personalfinancecanada,Other / unclassified,Finance and Markets
amifreetogo,publicfreakout,Other / unclassified,Institutions / Policies
frugalcanada,personalfinancecanada,Other / unclassified,Finance and Markets
ireland,waterford,Other / unclassified,Commodities
electionreformnews,canadapolitics,Institutions / Policies,Other / unclassified
philippines,powerwashingporn,Other / unclassified,Energy
lestaxissontdescons,france,Economics,Other / unclassified
bestofedits,polandball,Institutions / Policies,Other / unclassified
italygames,windows10,Other / unclassified,Finance and Markets
brasil,stock_picks,Other / unclassified,Finance and Markets
the_meltdown,unitedkingdom,Finance and Markets,Other / unclassified
canada,uwaterloo,Other / unclassified,Commodities
darkmarketsbrasil,dnmuk,Finance and Markets,Other / unclassified
brasilonreddit,bluecorner,Other / unclassified,Commodities
polska,wallstreetbets,Other / unclassified,Finance and Markets
portugalonreddit,economics,Other / unclassified,Economics
italygastronomia,italy,Energy,Other / unclassified
sustainability,mexico,Economics,Other / unclassified
hungary,mildlyinteresting,Other / unclassified,Finance and Markets
italy,italygastronomia,Other / unclassified,Energy
brasilonreddit,anarcho_capitalism,Other / unclassified,Finance and Markets
brasilonreddit,goldandblack,Other / unclassified,Commodities
brasilonreddit,bitcoin,Other / unclassified,Finance and Markets
concentrationofwealth,canadapolitics,Finance and Markets,Other / unclassified
environment,indiancountry,Commodities,Other / unclassified
xmrtrader,india,Businesses,Other / unclassified
indianbooks,indiainvestments,Other / unclassified,Finance and Markets
weedstocks,sensiblecanada,Finance and Markets,Other / unclassified
brasil,misleadingthumbnails,Other / unclassified,Commodities
brasilonreddit,mildlyinteresting,Other / unclassified,Finance and Markets
concentrationofwealth,unitedkingdom,Finance and Markets,Other / unclassified
portugalonreddit,mildlyinteresting,Other / unclassified,Finance and Markets
brasilonreddit,interestingasfuck,Other / unclassified,Finance and Markets
uwaterloo,personalfinancecanada,Commodities,Finance and Markets
norussiansorliberals,mildlyinteresting,Other / unclassified,Finance and Markets
avexchange,canadianhardwareswap,Finance and Markets,Other / unclassified
italian,interestingasfuck,Other / unclassified,Finance and Markets
suomi,mildlyinteresting,Other / unclassified,Finance and Markets
brasilonreddit,publicfreakout,Other / unclassified,Institutions / Policies
